<?xml version="1.0" encoding="utf-8"?>
<doc>
<assembly><name>easyam</name></assembly>
<members>
<member name="M:Types.String.PadBoth(System.String,System.Int32)">
<summary>
 Centers text using spaces given a certain line length
</summary>
</member>
<member name="M:Types.String.AddSpaces(System.String,System.Int32)">
<summary>
 adds the number of spaces to the beginning of the string
</summary>
</member>
<member name="M:Types.Random.GetValues(System.Random,System.Int32,System.Int32)">
<summary>
 Generates an infinite sequence of random numbers within the given range.
</summary>
</member>
<member name="M:Utils.commandLinePrintWhileEnter(Types.ConfigBase,Microsoft.FSharp.Core.FSharpFunc{Microsoft.FSharp.Core.Unit,Microsoft.FSharp.Core.Unit})">
<summary>
 Prints out the options for the command. Standard stuff.
</summary>
</member>
<member name="M:EasyamParsingEngine.bulkFileLineProcessing(System.Tuple{System.IO.FileInfo,System.String[]}[])">
<summary>
 Takes a list of files, cleans and concatenates the contents of each one

</summary>
</member>
<member name="M:EasyamParsingEngine.initialProcessingOfIncomingFileLines(System.Int32,System.IO.FileInfo,System.Int32,System.Int32,System.String[])">
<summary>
 INITIAL INCOMING FILE PROCESSING. TAKES A LIST OF STRINGS AND MAKES A LIST OF COMMANDS

</summary>
</member>
<member name="M:EasyamParsingEngine.findInitialTextKeywordAndRemainingTextOnALine(Microsoft.FSharp.Collections.FSharpList{System.String},System.String)">
<summary>
 TOKEN PROCESSING. TAKES A LINE AND MAKES A LIST OF COMMANDS AND VALUES

</summary>
</member>
</members>
</doc>
